{"count":1,"self":6.380456,"total":6.9809079999999994,"children":{"InitializeActuators":{"count":1,"self":0.0017749999999999999,"total":0.0017749999999999999,"children":null},"InitializeSensors":{"count":1,"self":0.004219,"total":0.004219,"children":null},"AgentSendState":{"count":319,"self":0.003375,"total":0.586641,"children":{"CollectObservations":{"count":29,"self":0.00057699999999999993,"total":0.00057699999999999993,"children":null},"WriteActionMask":{"count":29,"self":0.00030199999999999997,"total":0.00030199999999999997,"children":null},"RequestDecision":{"count":29,"self":0.0018709999999999998,"total":0.582387,"children":{"CameraSensor.GetCompressedObservation":{"count":29,"self":0.58051599999999992,"total":0.58051599999999992,"children":null}}}}},"DecideAction":{"count":319,"self":0.0034419999999999997,"total":0.0034419999999999997,"children":null},"AgentAct":{"count":319,"self":0.0027429999999999998,"total":0.0027429999999999998,"children":null}},"gauges":{},"metadata":{"timer_format_version":"0.1.0","start_time_seconds":"1646679485","unity_version":"2020.3.28f1","command_line_arguments":"\/Applications\/Unity\/Hub\/Editor\/2020.3.28f1\/Unity.app\/Contents\/MacOS\/Unity -projectpath \/Users\/josh\/university\/individualProject\/sim -useHub -hubIPC -cloudEnvironment production -licensingIpc LicenseClient-josh -hubSessionId caff5ba0-9e39-11ec-aa76-9f53e98906b4 -accessToken g5S1o4TuxKLp_AzrIvnGQHHZLLDF-VnUkzLO7aQDt48005f","communication_protocol_version":"1.5.0","com.unity.ml-agents_version":"2.0.1","scene_name":"Scene","end_time_seconds":"1646679492"}}